Cod.;Nome;Totale A;Quantità A;Totale B;Quantità B;Andamento A/B
806P100300823;Vite x plasticafiletto 30 T.Cil.Croce Senza Punta INOXA2 3x8 Nerinox;1000,00;20000,00;1000,00;20000,00;
R40463;Cavo H03VV-F 02 X0,75 Nero 0 Bob.LE2 400 P120 D5,30 R001 STANDARD Cable;4816,00;19400,00;4816,00;19400,00;
WAGO 221-412;Connettore Wago 221-412;3621,50;13000,00;3621,50;13000,00;
HEP06079040N8;Passacavo standard (SB) PA66 F 7,9 (4,8) Nero;1462,50;12502,00;1462,50;12502,00;
NT20N BP500;CAVO FEP(RN) + GOMMA PCP NERA 2X 0.50;12900,00;10000,00;12900,00;10000,00;
Cavo Nero;Cavo FEP Nero 0.50;900,00;6000,00;900,00;6000,00;
Cavo Rosso;Cavo FEP Rosso 0.50;900,00;6000,00;900,00;6000,00;
LED Bat-2-PRO - LED MODULE;2700K warm white, 8leds per piece, 0.5M per pcs. PRO Version. (Same Bin LED: W24HG. 2550K~2850K);22800,00;2400,00;22800,00;2400,00;
IPLM600mA-PRO - LED MODULE;PIPISTRELLO LED Module 600 mA PRO Version Print the production date on the back: 06/2025;17760,00;2400,00;17760,00;2400,00;
IPLM500mA-PRO - LED MODULE;PIPISTRELLO LED Module 500 mA PRO Version Print the production date on the back: 06/2025;16280,00;2200,00;16280,00;2200,00;
LED Bat-1-PRO - LED MODULE;2700K warm white, 4leds per piece, 1M per pcs. PRO Version. (Same Bin LED: W24HG. 2650K~2750K );11660,00;2200,00;11660,00;2200,00;
CPU211-930;CIRCUITO PURALUCE (1 LED) 21mm 3W (700mA) 2,9Vdc 3000K CRI90;2996,80;2162,00;2996,80;2162,00;
LD350MA;Regolatore di corrente (10-26Vdc) 350mA 16,5*10*4mm;3256,00;1980,00;3256,00;1980,00;
CA12079_HEIDI-W2;CA12079_HEIDI-W2;1640,16;1836,00;1640,16;1836,00;
CPU101-930;CIRCUITO PURALUCE (1LED) 10mm 1,2W (350mA) 2,9Vdc 3000K CRI90;2040,00;1700,00;2040,00;1700,00;
CPU211-927;CIRCUITO PURALUCE (1 LED) ÃÂ21mm 3W (700mA) 2,9Vdc 2700K CRI>90;2195,20;1568,00;2195,20;1568,00;
CPU213-930;Circuito Puraluce (3 Led) 21mm 6W 8,7vdc 3000K CRI90;3016,00;1040,00;3016,00;1040,00;
NT20N 2X0,5;Cavo Fep + Gomma;1750,00;1000,00;1750,00;1000,00;
M.PCBMuSing-30;Montaggio PCB multichip singolo 3000K;346,00;860,00;346,00;860,00;
CPU445-930;CIRCUITO PURALUCE (7 LED) 44x5mm 1,2W 24Vdc 3000K CRI>90;960,00;800,00;960,00;800,00;
CPU4722-930;CIRCUITO PURALUCE (2 LED) 47x22mm (700mA) 5,8Vdc 3000K CRI90;1917,50;767,00;1917,50;767,00;
MULTICHIP SINGOLO;PCB Multichip Singolo;169,50;750,00;169,50;750,00;
MLNTSK1038;CAVO DMX 2X0,35 BLU/N/BIA;1400,00;700,00;1400,00;700,00;
SD103A08P08GR/51;SNODO D. 10 MM L=32,5/51 MM MASCHIO M8x1 + MASCHIO M8x1 IN OTTONE GREZZO;1527,00;700,00;1527,00;700,00;
SH163A10P10GR;SNODO HEAVY D. 16 mm L= 33 mm (A) MASCHIO M10X1 - (P) MASCHIO M10X1 GREZZO;3095,00;700,00;3095,00;700,00;
Montaggio PCB Bona 4 led;Montaggio PCB Bona 4 led;1251,00;642,00;1251,00;642,00;
M.PCBMuSing-27;Montaggio PCB multichip singolo 2700K;328,00;630,00;328,00;630,00;
RS-TS2835-24V-480D-20-20LEDStripLight;Strip Led 50W/mt 2700K 24V 5m/roll 480pcs SMD 2835 IP20 CRI>90 20mm white double layer (16leds/cut);3811,50;601,00;3811,50;601,00;
CIRCLE_4LED_v2;PCB BONA 4 LED;698,24;568,00;698,24;568,00;
WAGO 221-413;Connettore Wago 221-413;230,00;550,00;230,00;550,00;
WAGO 221-415;Connettore Wago 221-415;360,00;525,00;360,00;525,00;
NV4L144ART-SM303/E800R9050/0.5K;LED SMD 5050 1,5A SM30 3ST MINE800 R9050 T/R 500 PCS;965,00;500,00;965,00;500,00;
DK-22-25-LENS-H12;PMMA lens with sticker,φ21.2*11.8mm;175,00;500,00;175,00;500,00;
HD03-P1-R10R;1 COB Downlight Size:106mmD*43mmH Cutout:90-95mm LED: Philips COB 10W Lumen:100-105lm/W CRI:Ra>90 CCT:3000K Beam Angle: 60 deg Input Voltage: 220-240VAC Non-dimmable Driver:Lifud PF>0.9 IP:20 Warranty:5 years Finished color:White Trim+Ash Silver Heat Sink;3450,00;500,00;3450,00;500,00;
NV4L144ART-SM273 E800R9050-0,5K;LED SMD 5050 1.5A SM27 3ST MINE800 R9050 T/R 500 PCS;965,00;500,00;965,00;500,00;
100059/NUOVO;SNODO OTTONE 10X43 M8X1/M8X1 360-90°;868,50;450,00;868,50;450,00;
F15255_HEKLA-SOCKET-C.;Version compatible with COBs of 13.5 x 13.5 mm packages and max 11.6 mm LES size;68,20;440,00;68,20;440,00;
CA16204-GABRIELLA-MIDI-W;Lente Ledil (35°) CA16204-GABRIELLA-MIDI-W;1096,80;404,00;1096,80;404,00;
LED Bat-3-Red-PRO LED Module;2700K warm white, 6leds per piece, 0.6M per pcs. PRO Version. (Same Bin LED: W24HG. 2550K~2850K);3040,00;400,00;3040,00;400,00;
Picchetto Cap;Puntalino Ottone Brandy/Brandy Maxi/Shinstreet 12x30 FIL 10X1;745,00;400,00;745,00;400,00;
LED Bat-3-Black-PRO LED Module;2700K warm white, 6leds per piece, 0.6M per pcs. PRO Version. (Same Bin LED: W24HG. 2550K~2850K);3040,00;400,00;3040,00;400,00;
Picchetto Brandy/Brandy Maxi/Shinstreet;Tubo Ottone D.12X L.220;925,00;400,00;925,00;400,00;
IPLM700mA-PRO - LED MODULE;PIPISTRELLO LED Module 700 mA PRO Version Print the production date on the back: 06/2025;2960,00;400,00;2960,00;400,00;
LT-30-24;Alimentatore LT-30-24 ACTEC;2540,60;380,00;2540,60;380,00;
HD06-P4-F15R;4 SMD Downlight Size:180mmD*38mmH Cutout:160-165mm LED: Samsung SMD 15W Lumen:100-110lm/W CRI: Ra>90 CCT:3000K Beam Angle: 90Deg Input Voltage: 220-240V AC Non-dimmable Driver: Lifud PF>0.9 IP:20 Warranty: 5 years Finished Color:White Trim+Black Heat SinK;4218,00;370,00;4218,00;370,00;
CPU213-927;Circuito Puraluce (3 Led) 21mm 6W 8,7Vdc 2700K CRI90;1072,60;366,00;1072,60;366,00;
LD350MA-Micro;Regolatore di corrente (10-26Vdc) 350mA Micro;0,00;300,00;0,00;300,00;
Staffa L-profile H KA3535;Staffa L-profile H KA3535 con fori filettati M4;1410,00;300,00;1410,00;300,00;
LD700MA;REGOLATORE DI CORRENTE (10-26Vdc) 700mA 16,5x10x4mm;660,00;300,00;660,00;300,00;
Picchetto Shinino/Shinone - H200mm;Tubo Ottone M8X1;945,00;300,00;945,00;300,00;
RS-5CORE-SI-20-PVC LED Accessory;RGBW CABLE - Single-insulated 5-core cable UL 1007, 20AWG, 26/0.16TS*5CORE, Color: Black/Green/Red/Blue/White, PVC;186,00;300,00;186,00;300,00;
TL- COSMOS- 0703F;Cosmos7 - Ghiera Trimless;729,00;300,00;729,00;300,00;
CPU507-930;CIRCUITO PURALUCE (14LED) 50x7mm 3W 24Vdc 3000K CRI>90;390,00;300,00;390,00;300,00;
RE-COSMOS-0701F;Cosmos7 - Ghiera da Incasso;558,00;300,00;558,00;300,00;
Plisse;Scheda Plisse;621,00;282,00;621,00;282,00;
PRF-05926;PCB 2700K CRI 90 NICHIA JUPITER MINI SENZA CAVO;0,00;262,00;0,00;262,00;
LD700MA-IP;Regolatore di corrente (10-26Vdc) 700mA 16.5x10x4mm IP67;750,00;250,00;750,00;250,00;
CPU445-927;CIRCUITO PURALUCE (7 LED) 44x5mm 1,2W 24Vdc 2700K CRI>90;300,00;250,00;300,00;250,00;
LED-700mA;700mA LED board, diameter 74.5mm, 12V-700mA, constant current, Bridgelux 2835 4C7B 2700K;187,50;250,00;187,50;250,00;
mini-12-24;ALimentatore Mini 12W 24Vdc IP65;867,50;250,00;867,50;250,00;
MINI-4-24;Alimentatore MINI-4-24 ACTEC IP65;617,00;250,00;617,00;250,00;
CPU507-927;CIRCUITO PURALUCE (14LED) 50x7mm 3W 24Vdc 2700K CRI>90;312,00;240,00;312,00;240,00;
CLU028-0604C4-303H5K2;6W 757Lm(Tj85) 360mA CRI90 3000K;444,40;220,00;444,40;220,00;
CALAMEC;Faretto Calabrone;1540,00;220,00;1540,00;220,00;
PRF-05925;PCB 3000K CRI 90 NICHIA JUPITER MINI SENZA CAVO;0,00;208,00;0,00;208,00;
CPU211-922;CIRCUITO (1 LED) 21mm 3W (700mA) 2,9Vdc 2200K CRI90;288,40;206,00;288,40;206,00;
CA12536_HEIDI-M;CA12536_HEIDI-M;181,56;204,00;181,56;204,00;
DK-22-10-LENS-H12;PMMA lens with sticker, φ21.2*11.8mm;70,00;200,00;70,00;200,00;
NSQ0N;CV SILICONE(rnbl) + GOMMA NERA 4X 0.50;214,00;200,00;214,00;200,00;
DK-35-36-LENS-H24;PMMA Lens, φ37.5*24M;140,00;200,00;140,00;200,00;
DK-38-ZJ-H24;Holder:φ37.5*24.1MM;12,00;200,00;12,00;200,00;
V1;Dimmer push;1018,00;200,00;1018,00;200,00;
DA4-M;4 Channel Constant Voltage DALI LED Dimmer DT8;2260,00;200,00;2260,00;200,00;
LB4PIX114;Vetrino Brandy Glass;305,00;200,00;305,00;200,00;
CA16202_GABRIELLA-MIDI-S;Lente Ledil CA16202_GABRIELLA-MIDI-S;532,00;200,00;532,00;200,00;
LB4PIX105;Sfera Brandy Glass in ottone D. 60xH43;2100,00;200,00;2100,00;200,00;
SDA163A10P10GR;SNODO D. 16MM L=32,5 MM (A) MASCHIO M10x1 (P) MASCHIO M10x1 IN OTTONE GREZZO;475,00;200,00;475,00;200,00;
Scatola di cartone 40x30x15 BRANDIZZATA;Scatola di cartone 40x30x15 BRANDIZZATA;290,00;200,00;290,00;200,00;
-SL-06350;MICRO DRIVER LED 350mA;900,00;200,00;900,00;200,00;
E1-C;dimmer touch;570,00;200,00;570,00;200,00;
Scatola di cartone 60x40x40 BRANDIZZATA;Scatola di cartone 60x40x40 BRANDIZZATA;380,00;200,00;380,00;200,00;
Scatola di cartone 45x35x30 BRANDIZZATA;Scatola di cartone 45x35x30 BRANDIZZATA;340,00;200,00;340,00;200,00;
NT60N MM200;CV FEP + GOMMA NERA TD 6X 0,50 MMQ;716,00;200,00;716,00;200,00;
LT-100-24D;LT-100-24D;3582,40;195,00;3582,40;195,00;
CPU101-927;Circuito Puraluce (1LED) 10mm 1,2W (350mA) 2,9Vdc 2700 CRI90;218,40;182,00;218,40;182,00;
LT-150-24;Driver Slim 150W 230/24 IP20 doppio isolamento;2449,70;180,00;2449,70;180,00;
LT-75-24;Alimentatore 75w;1615,50;180,00;1615,50;180,00;
F14738_BROOKE-G2-S;F14738_BROOKE-G2-S;178,20;180,00;178,20;180,00;
Scotch Personalizzato Ombre AVANA;Scotch Personalizzato Ombre AVANA;351,00;180,00;351,00;180,00;
LB4PIX084A_01;Ghiera shinino ESTERNO;805,00;170,00;805,00;170,00;
RE-COSMOS-1801F;Ghiera Cosmos 18;389,30;170,00;389,30;170,00;
TL-COSMOS-1803F;Ghiera Trimless Cosmos18;436,90;170,00;436,90;170,00;
LT-200-24;Alimentatore LT-200-24;2802,20;170,00;2802,20;170,00;
Scatola di cartone 40x30x15;Scatola di cartone 40x30x15;180,20;170,00;180,20;170,00;
MINI-4-700;Alimentatore MINI-4-700 ACTEC IP65;335,50;150,00;335,50;150,00;
COSMOS-0701R 3000K/36°;Recessed spotlight Cosmos7, input Voltage: 220Vac - Power: 7W - CCT: 3000K - Beam angle: 36° - CRI>90 - IP20 - Finiture: White;1275,00;150,00;1275,00;150,00;
Staffa Shinino a parete;Staffa shinino a parete;750,00;150,00;750,00;150,00;
COSMOS-0701R 2700K/36°;Recessed spotlight Cosmos7, input Voltage: 220Vac - Power: 7W - CCT: 2700K - Beam angle: 36° - CRI>90 - IP20 - Finiture: White;1275,00;150,00;1275,00;150,00;
MINI-4-350;Alimentatore mini 4W 350mA IP65;303,50;150,00;303,50;150,00;
Staffa L-profile KA3535;Staffa L-profile KA3535 con fori filettati M4;585,00;150,00;585,00;150,00;
RE-COSMOS-1201F;Ghiera Cosmos 12;280,00;140,00;280,00;140,00;
TL-COSMOS-1203F;Ghiera Trimless Cosmos12;320,60;140,00;320,60;140,00;
LB4PIX083A_02;Base ape esterno Shinino;1050,00;140,00;1050,00;140,00;
Targhette ottone;Targhette ottone;0,00;140,00;0,00;140,00;
COSMOS12-TW;Faretto da incasso Cosmos12 Turnable White. Input Voltage: 220Vac - Power: 10W - CCT: 2700K/6000k - Beam angle: 36Â° - IP20 - CRI90 - Size:D44.7*H80mm - Cutout:38mm - Finitura: White;2660,00;140,00;2660,00;140,00;
E1-L+ED(C);Door sensor;873,60;140,00;873,60;140,00;
C.P.A. Bona 70;Cupola, piastra interna ed asta Bona 70;3310,00;135,00;3310,00;135,00;
LPV-60-24;Driver Meanwel 230/24 60W IP67;976,20;130,00;976,20;130,00;
LPV-100-24;Driver Meanwell 230/24Vdc 100W IP67;1565,80;130,00;1565,80;130,00;
C11602_Satu_M;Lente Ledil C11602_Satu_M;108,00;120,00;108,00;120,00;
SK-DA4-M;SK-DA4-M Dimmer DALY 4CH DT8;1356,00;120,00;1356,00;120,00;
UT-20W-24V;Driver AcTEC 20W out 24Vdc;403,20;120,00;403,20;120,00;
E1-D;sensore E1-D;335,70;120,00;335,70;120,00;
CPU211-950;CIRCUITO PURALUCE (1 LED) 21mm 3W (700mA) 2,9Vdc 5000K CRI90;158,20;113,00;158,20;113,00;
CPU213-940;Circuito Puraluce (3LED) 21mm 6W (500mA) 8.7 Vdc 4000K CRI>90;324,80;112,00;324,80;112,00;
CPU211-940;CIRCUITO PURALUCE (1 LED) 21mm 3W (700mA) 2,9Vdc 4000K CRI90;156,80;112,00;156,80;112,00;
LPV-35-24;Driver Meanweel 35W 230Vac/24Vdc IP67;737,50;110,00;737,50;110,00;
Targhetta;realizzata in acciaio Inox spazzolato, dimensioni 40x30mm, spessore 3mm;286,00;110,00;286,00;110,00;
MINID24-12;24V 12W TRIAC Dimming LED Driver (CV);0,00;110,00;0,00;110,00;
Scatola di cartone 45x35x25;Scatola di cartone 45x35x25;129,80;110,00;129,80;110,00;
Scotch Neutro AVANA;Scotch Neutro AVANA;156,60;108,00;156,60;108,00;
LT-150-24D;Dali Driver Slim 150W 230/24 IP20;1998,65;105,00;1998,65;105,00;
G-VELOP-15-L;Lamiera inox AISI 441 spess. 1.5 mm grezza;"Lamiera inox AISI 441 spess. 2.5 mm grezza; "Tubo inox AISI 304 60x60x1.5";3232,00;101,00;3232,00;101,00;
LB4PIX106;Tappo pallina ottone Brandy Glass;620,00;100,00;620,00;100,00;
JD-CD43;Garden spotlight, Material: Aluminum housing with spike, Lamp color: black, Lamp size: Φ43H245mm, Input Voltage: DC24V, LED chip: Epistar COB 3W, Beam angle: 24°, LED Color: 3000K, IP Rate: IP65, Cable out: 2 meters 20.75mm² rubber cable without connector;393,00;100,00;393,00;100,00;
LB4PIX119;Sfera Brandy Maxi;2185,00;100,00;2185,00;100,00;
CPU101-RGB;CIRCUITO PURALUCE (1LED) 10mm 1,2W (350mA) 2,9Vdc RGB CRI90;120,00;100,00;120,00;100,00;
AS2525-MC;Mounting Clip;15,00;100,00;15,00;100,00;
LB4PIX120;Ghiera Brandy Maxi;1500,00;100,00;1500,00;100,00;
ghiera inox;ghiera inox;480,00;100,00;480,00;100,00;
UT24W-30W;Alimentatore UT24W-30W;569,00;100,00;569,00;100,00;
CPU101-940;CIRCUITO PURALUCE (1 LED) Ø10mm 1,2W (350mA) 2,9Vdc 4000K CRI>90;120,00;100,00;120,00;100,00;
DISCO BONA DIAM. 55;DISCO BONA DIAM. 55;200,00;100,00;200,00;100,00;
CA16205_GABRIELLA-MIDI-O;Lente Ledil CA16205_GABRIELLA-MIDI-O 12+40° oval beam with holder and installation tape;0,00;100,00;0,00;100,00;
CUPOLABONA120;Cupola per lampada BONA 120;2400,00;100,00;2400,00;100,00;
SST01;Basetta Shinstreet/Shinone;380,00;100,00;380,00;100,00;
LB4PIX106_06;Fondo Brandy glass;580,00;100,00;580,00;100,00;
1200ENSTAR-XML-RGB-BI2;Strar RGBW high power (White 4000K) led no dome;925,00;100,00;925,00;100,00;
SST02;Vetrino Shinstreet/Shinone;160,00;100,00;160,00;100,00;
EOW7600-00-31 ADATTATORE ELETR/MECC LKM 6A 10KG BIANCO (IVELA);EOW7600-00-31 ADATTATORE ELETR/MECC LKM 6A 10KG BIANCO (IVELA);683,00;100,00;683,00;100,00;
LEG031900;ATTACCHI A COLLARE CON BASE GRIGIA;37,00;100,00;37,00;100,00;
SST03;Ghiera Shinstreet;510,00;100,00;510,00;100,00;
LB4PIX194_1;Lente esterno shinino;120,00;100,00;120,00;100,00;
LB4PIX122A;Bicchierino Brandy Maxi;380,00;100,00;380,00;100,00;
Scatola di cartone 2530x25x19 BRANDIZZATA;Scatola di cartone 2530x25x19 BRANDIZZATA;480,00;100,00;480,00;100,00;
COSMOS-1803R  3000K/36°;Recessed spotlight Cosmos18, input Voltage: 220Vac - Power: 18W - CCT: 3000K - Beam angle: 36° - CRI>90 - IP20 - Finiture: White;886,00;100,00;886,00;100,00;
SST04;Visor Shinstreet;100,00;100,00;100,00;100,00;
LB4PIX083_01MC;Base Ape Mini Camera;100,00;100,00;100,00;100,00;
UT-30-24 slim line;Alimentatore 30W 24V;522,00;100,00;522,00;100,00;
CPU4722-927;CIRCUITO PURALUCE (2 LED) 47x22mm (700mA) 5,8Vdc 2700K CRI90;240,00;96,00;240,00;96,00;
CPU101-BLU;Circuito 1 Led 10mm 1,2W 350mA 2.9Vdc BLU;108,00;90,00;108,00;90,00;
F14739_BROOKE-G2-M;Parabola Ledil 30° 45mm;92,70;90,00;92,70;90,00;
PCB Multichip Singolo assemblato;PCB Multichip Singolo assemblato;282,60;90,00;282,60;90,00;
GEWDX30016;DF 16G GUAINA GRIGIA;77,40;90,00;77,40;90,00;
D4-L;Convertitore DMX 4 canali per strip led RGBW;1184,88;88,00;1184,88;88,00;
ELG-75-24DA-3Y;ELG-75-24DA-3Y;1843,30;87,00;1843,30;87,00;
Mon.PAR4;Montaggio PAR4;0,00;86,00;0,00;86,00;
C.P.A. Bona 120;Cupola, piastra interna ed asta Bona 120;2450,00;85,00;2450,00;85,00;
M20-T1P-50D-10-TW-DALI;Proiettore da binario fissaggio rapido Tunable White. Input Voltage: 48Vdc - Power:10W - CCT: 2700K/6000K - Beam angle: 36Â°- Size:D50xL100mm - Finitura: Full White/Black;1997,50;85,00;1997,50;85,00;
Scatola di cartone 60x40x40;Scatola di cartone 60x40x40;116,00;80,00;116,00;80,00;
XLG-75-24-A;Driver LED 230Vac/24Vdc 75W IP67;1012,80;80,00;1012,80;80,00;
MINI-6-350;350mA 6W LED Driver (CC);60,30;80,00;60,30;80,00;
YD-QMZ10073 IP65;Recessed spotlight (Aria) Input Voltage: 220Vac - Power: 20W - CCT: 3000K - Beam angle: 24° - CRI90 - IP65;675,00;75,00;675,00;75,00;
LT-75-24D;Driver 75W 230Vac/24Vdc Dali;1178,29;70,00;1178,29;70,00;
NS-115 Accessories - Aluminum Profile L=1m;NS-115 Accessories - Aluminum Profile L=1m;210,00;70,00;210,00;70,00;
RS-LL1010LEDAccessory(9405920000);Alluminum Profile for 10*10 Neon;133,00;70,00;133,00;70,00;
OX-TD5245;Small downlight - Sizes: Ø52*H68,Cut-out:Ø45, 7W White 9010 3000K Lens 36° CRI>90 IP20,with CREE COB and Eaglerise,without driver;283,04;61,00;283,04;61,00;
ELG-150-24DA-3Y;Alimentatore Dali 150W;1516,00;60,00;1516,00;60,00;
P66D-DL2-01;Dali boards for spotlights  -  Input voltage: 24/48VDC Output Voltage: 3-20/3-40VDC Output current: 150mA Dimming: DALI Dimensions: L62xW13.2xH8mm;468,00;60,00;468,00;60,00;
SL22HE3000K;Strip Led 21.6W 3000K IP20, Bobine da 5m;1290,00;60,00;1290,00;60,00;
WAGO 221-2411;Connettore Wago 221-2411;0,00;60,00;0,00;60,00;
TAURUS-S1W;Input Voltage: 3V/300mA - Power: 1W - CCT:3000K - Beam angle: 25° - IP20 - Finitura: Brass CRI>90;420,00;60,00;420,00;60,00;
DC MINI JOLLY;Direct current dimmable electronic drivers with DIP-SWITCH Alimentatori elettronici regolabili in corrente continua con DIP-SWITCH;450,00;60,00;450,00;60,00;
TAURUS-S1W-S014;Snoot for Taurus  Finiture : Black;117,60;60,00;117,60;60,00;
CS-TT-37-910;Connection cord-91cm;45,00;60,00;45,00;60,00;
MT-S01;Power Feed - Finiture: Black;68,92;56,00;68,92;56,00;
LT-240-48D;LT-240-48D;1533,70;55,00;1533,70;55,00;
MT-A-2;Binario bassa tensione (48Vdc) Pico da superficie - Size:L2000*W11*H13,7mm - Finiture: Black;347,65;55,00;347,65;55,00;
PRF-05927;PCB 4000K CRI 90 NICHIA JUPITER MINI SENZA CAVO;0,00;54,00;0,00;54,00;
MT-J01;I-CONNECTOR;71,70;54,00;71,70;54,00;
ELG-240-24DA3Y;Alimentatore 240-24 DALI Meanwell;1675,24;52,00;1675,24;52,00;
Circolina Martinelli 24;Circolina Martinelli 24;393,50;50,00;393,50;50,00;
COSMOS-1803R 2700K/36°;Recessed spotlight Cosmos18, input Voltage: 220Vac - Power: 18W - CCT: 2700K - Beam angle: 36° - CRI>90 - IP20 - Finiture: White;443,00;50,00;443,00;50,00;
Q8H-24V-75W;Driver led 75W 230/24Vdc IP20;446,00;50,00;446,00;50,00;
LB4PIX114A;Vetrino Brandy Grande;95,00;50,00;95,00;50,00;
PARKER20 B;Applique biemissione Parker20 B, input Voltage: 220Vac/24Vdc - Power: 12W - CCT: 2700/3000K/4000K - Beam angle: diffuse - CRI>90 - IP65;1500,00;50,00;1500,00;50,00;
MT-A-P;Suspension Kit;38,00;50,00;38,00;50,00;
BMMB9032;MORS. 3P FEMMINA BIANCA;83,00;50,00;83,00;50,00;
PMMA10X12-2cm;PMMA - dimensioni:10cmx12cm spessore:2cm - i lati tagliati devono essere rilucidati;195,00;50,00;195,00;50,00;
BMMB9031;MORS. 3P MASCHIO BIANCA;73,50;50,00;73,50;50,00;
SS5-6C350;Driver in corrente IP67 - 350mA (Illuburg);309,50;50,00;309,50;50,00;
LB4PIX122A_03;Ghiera rete Brandy Maxi;475,00;50,00;475,00;50,00;
DISCO BONA DIAM. 86;DISCO BONA DIAM. 86;190,00;50,00;190,00;50,00;
LED-700mA-PCB;Only PCB without LED;15,00;50,00;15,00;50,00;
COSMOS-0801R-1-4G  2700K-36°;Recessed spotlight Cosmos8, input Voltage: 220Vac - Power: 8W - CCT: 2700K - Beam angle: 36° - CRI>90 - IP20 - Finiture: White;407,00;50,00;407,00;50,00;
LED-21mm;21mm LED board, tunable white 2700K-6000K, with SUNRICHER DALI DT8 driver;550,00;50,00;550,00;50,00;
EXL100-215-BK;PRESA KEYSTONE CAT. 6 UTP NERA TOOLLES;135,00;50,00;135,00;50,00;
MINI JOLLY DALI 20;Driver Multicorrente MINI JOLLY DALI 20;700,00;50,00;700,00;50,00;
M.PCBMuSing-40;Montaggio PCB multichip singolo 4000K;0,00;50,00;0,00;50,00;
RE- COSMOS- 1001F;Cosmos10 - Ghiera da Incasso;100,00;50,00;100,00;50,00;
R11;Telecomando dimmer;415,50;50,00;415,50;50,00;
LB4PIX114A_3;TAPPO BRANDY GRANDE IN PLEX TRASP (Vetrino) D.28,90X3,90;175,00;50,00;175,00;50,00;
Mon.PAR16;Montaggio PAR16;0,00;50,00;0,00;50,00;
TL-COSMOS-1003F;Cosmos10 - Ghiera Trimless;121,50;50,00;121,50;50,00;
M20-LCORNER Black;Connettore a L (Horizontal Angle);188,00;50,00;188,00;50,00;
NV040040;LED Driver SS7-12V24;249,50;50,00;249,50;50,00;
SR133A08P08GR;SNODO ROTAZIONE 360° MS M8x1 - MS M8x1 GREZZO;265,00;50,00;265,00;50,00;
YSL50F-2402080;Alimentatore 50W 24VDC IP20 SUPER THIN;303,00;50,00;303,00;50,00;
Scatola di cartone 45x35x20;Scatola di cartone 45x35x20;57,50;50,00;57,50;50,00;
Pancale 80x120cm Medio;Pancale in legno portata 200/400Kg;200,00;50,00;200,00;50,00;
CPU4722-940;CIRCUITO PURALUCE (2 LED) 47x22mm (700mA) 5,8Vdc 4000K CRI90;120,00;48,00;120,00;48,00;
ELG-240-24-3Y;Driver Meanweel 230/24 240w IP67;1345,39;47,00;1345,39;47,00;
MT-T25 Black - 3000K - 36°;Magnetic spotlight Power: 3W Angle: 15Â°/24Â°/36Â° CCT: 2700K/3000K/4000K Lumen: 80lm/w;346,90;44,00;346,90;44,00;
RS-0815-12V10-SPI2835S-120DLEDStripLight;Strip Led 8W/mt 3000K 12V 5m/roll 120pcs SMD 2835 IP67 CRI>80+ 10mm white double layer 08*15mm SIDE BEND;340,00;40,00;340,00;40,00;
PL-90 IP65;Pole Ligt 90CM in IP65;3320,00;40,00;3320,00;40,00;
LPV-150-24;Driver Meanweel 150W 230/24 IP67;695,60;40,00;695,60;40,00;
PWM60-24DA;Alimentatore 60W 24Vdc IP67 Dali;741,60;40,00;741,60;40,00;
V4;Controller 4 canali per strip RGBW;352,40;40,00;352,40;40,00;
Profilo "Montaione";Profilo per Montaione in Corten;2819,60;37,10;2819,60;37,10;
HW02-W4-S07;Faretto quadrato da incasso 7W IP44;313,56;36,00;313,56;36,00;
LT-200-24D;LT-200-24D;774,20;35,00;774,20;35,00;
M20-L1-60L-24 Black;Lineare da incasso a binario 60cm 24W;209,65;35,00;209,65;35,00;
C0036;Brass Chain;1156,05;35,00;1156,05;35,00;
LT-100-24;Driver slim 100W 230/24 IP20;439,36;32,00;439,36;32,00;
5261-A;Puntale x cappello esagonale;64,88;32,00;64,88;32,00;
Piastra32x8;Piastra32x8;0,00;31,00;0,00;31,00;
XX-TD8475 IP65;XX-TD8475 IP65;324,00;30,00;324,00;30,00;
G-VELOP-30-L;Lamiera inox AISI 441 spess. 1.5 mm grezza;"Lamiera inox AISI 441 spess. 2.5 mm grezza; "Tubo inox AISI 304 60x60x1.5";1080,00;30,00;1080,00;30,00;
NS-115 Accessories - Flexible Profile L=1m;NS-115 Accessories - Flexible Profile L=1m;117,60;30,00;117,60;30,00;
XLG-50-A;50W Constant Power Mode LED Driver IP67;312,00;30,00;312,00;30,00;
Scatola di cartone 45x35x15;Scatola di cartone 45x35x15;33,90;30,00;33,90;30,00;
SL22HE4000K;Strip Led 21.6W 4000K IP20, Bobine da 5m;645,00;30,00;645,00;30,00;
KPRLPS;Kit Piastra relamping porto Scarlino;0,00;30,00;0,00;30,00;
SLD504000K;Strip led doppia 4000K 50W/mt 2835;810,00;30,00;810,00;30,00;
E1-R;PIR Motion;77,80;30,00;77,80;30,00;
PWM-90-24DA2;Alientatore PWM-90-24DA2 DALI;753,30;30,00;753,30;30,00;
PW-60-24;Driver ACTEC 230/24 60W IP67;261,90;30,00;261,90;30,00;
MT-T35 Black - 3000K - 36°;Magnetic spotlight Power: 5W Angle: 15Â°/24Â°/36Â° CCT: 2700K/3000K/4000K Lumen: 95lm/w;256,50;30,00;256,50;30,00;
CS-TQ-37-60;Driver quick connection cord;26,10;30,00;26,10;30,00;
FRLW610;-	Filtro Colore Rosso LW610, taglio 620;567,00;30,00;567,00;30,00;
MT-T45 Black - 3000K - 36°;Magnetic spotlight Power: 9W Angle: 15Â°/24Â°/36Â° CCT: 2700K/3000K/4000K Lumen: 100lm/w;278,40;30,00;278,40;30,00;
RS-D16P-24V06-2024CA-400D LED Strip Light(9405429000);Neon Strip 14W 2700K+4000K Double Layer;428,58;30,00;428,58;30,00;
ETMINIU36500;MINIU-3.6-500;72,30;30,00;72,30;30,00;
AS2525-BK-EC&EO;Black aluminum endcap (one with  hole one without hole);23,20;29,00;23,20;29,00;
PSH44Komp.B;INDURENTE;758,00;28,00;758,00;28,00;
20000-A-044;20000-A-044 - Palo luce 1,310m;3008,52;27,00;3008,52;27,00;
PWM-120-24DA2;Driver Led 120W IP 67 DALI;709,23;27,00;709,23;27,00;
RS-3020-24V15-2835T-480D;Neon Strip led DC24V 20W/m 480pcs SMD 2835 15mm white double layer >90 2700K IP67 Neon (30x20mm Top bend) one end with length 2m / 0.55m/pc (~0.54m);247,00;26,00;247,00;26,00;
RS-LL3020 LED Accessory;Fixed card slot for 30mmx20mm Neon LED strip light;31,20;26,00;31,20;26,00;
GPC01;Gamma Piastra;0,00;25,00;0,00;25,00;
BORCHIA ALLUMINIO DIAM 240;BORCHIA ALLUMINIO DIAM 240;225,00;25,00;225,00;25,00;
GPC02;Gamma Piastra;0,00;25,00;0,00;25,00;
Strutture in ferro konos;Strutture in ferro konos;1000,00;25,00;1000,00;25,00;
Staffa Shinstreet Duo;Staffa Shinstreet Duo;462,50;25,00;462,50;25,00;
PWM-60-24DA2;Driver led Meanweel 60W 230/24Vdc DALI IP 67;463,50;25,00;463,50;25,00;
PMX01;PMMA per lampada emergenza 10x12 spessore;0,00;25,00;0,00;25,00;
GSX01;Staffa;0,00;24,00;0,00;24,00;
LT-240-24-DALI;LT-240-24-DALI;750,24;24,00;750,24;24,00;
TO40;TUBO OTTONE 40 cm;0,00;24,00;0,00;24,00;
3002-A;3002-A;260,59;23,00;260,59;23,00;
PFX01;Staffa Gamma con foro per cavo;160,00;23,00;160,00;23,00;
NS-115;Flexible Wall Washer, LENGHT: , Dark grey jacket ,Dual bend, 250mm/cut, 23×23mm, 24leds/m, IP67, CRI>80, 3000K, 18W/M,1600lm/M, 24V ,15°;2396,06;23,00;2396,06;23,00;
052-0002;052-0002;217,58;23,00;217,58;23,00;
PFX02;Staffa Gamma;160,00;23,00;160,00;23,00;
Stecche "U";Stecche "U" ottone 8x8 cm 80;0,00;23,00;0,00;23,00;
2002-A;2002-A;270,48;23,00;270,48;23,00;
5210-A-10;5210-A-10;37,03;23,00;37,03;23,00;
MT-PS150W-Y;Recessed driver 150W;329,70;22,00;329,70;22,00;
GEWDX25320;RK15/20G-3M TUBO RIGIDO MEDIO GRIGIO;14,07;21,00;14,07;21,00;
CFN;CLIPS DI FISSAGGIO NIKEL;25,00;20,00;25,00;20,00;
LENS 24° for M20-T1P-70D-25;LENS for M20 70mm Dia Magnetic Spot/Track Light, Beam Angle: 24 Deg;9,20;20,00;9,20;20,00;
Attacco tenda 1;Attacco tenda 1;0,00;20,00;0,00;20,00;
MT-J02;I-SOFTCONNECTOR;53,20;20,00;53,20;20,00;
Pancale 60x80cm;Pancale in legno;60,00;20,00;60,00;20,00;
LENS 15° for M20-T1P-50D10;LENS for M20 50mm Dia Magnetic Spot/Track Light, Beam Angle: 15 Deg;7,60;20,00;7,60;20,00;
Attacco tenda 2;Attacco tenda 2;0,00;20,00;0,00;20,00;
LENS 24° for M20-T1P-50D-10;LENS for M20 50mm Dia Magnetic Spot/Track Light, Beam Angle: 24 Deg;7,60;20,00;7,60;20,00;
COSMOS18-TW;Faretto da incasso Cosmos18 Tunable White. Input Voltage: 220Vac - Power: 18W - CCT: 2700K/6000K - Beam angle: 36Â° - IP20 - CRI90 - Size:54.7H100mm - Cutout:64mm - Finitura: White;445,80;20,00;445,80;20,00;
EA-100-A102;Size:D100*H95MM  ( with Anti-glare cover) CCT:Tunable White (2700K–6000K)  LED:XTE/4LED  Beam Angle 30°   Voltage:DC24V   LED Brand:CREE  Body Color: RAL9004  Black Control way:DMX512 IP Rate: IP67 Warranty:3 years;670,20;20,00;670,20;20,00;
LT-240-48;48V 240W LED Driver (CV);493,20;20,00;493,20;20,00;
EL-S;Lampada segnaletica a soffitto, con kit di emergenza remoto;600,00;20,00;600,00;20,00;
LT-240-24;Alimentatore LT-240-24;466,00;20,00;466,00;20,00;
DMX splitter 2CH;DMX splitter 2CH;1280,00;20,00;1280,00;20,00;
SL194000KIP65;Strip led 19,2W/mt 4000K CRI>90 IP65 5m/roll;415,00;20,00;415,00;20,00;
SOSTCON;Sostituzione connettori;0,00;20,00;0,00;20,00;
M20-T1P-50D-10 3000K Black;Proiettore da binario fissaggio rapido 10W CRI90 D50xL100mm - Finitura: Black;458,00;20,00;458,00;20,00;
MT-F300 Black - 3000K;Magnetic floodlight Power: 8W Angle: 90Â° Lumen: 600lm/w;121,00;20,00;121,00;20,00;
PL-70 IP65;Pole Ligt 70CM in IP65;1180,00;20,00;1180,00;20,00;
LCM-40DA2;LCM-40DA2;406,80;20,00;406,80;20,00;
M20-G1-65L-36-TW-DALI;Proietttore luce lineare spot G1 DALI Tunable White. Input Voltage: 48Vdc - Power:36W - CCT:2700K/6000K - Beam angle: 24Â° - IP20 - dimension:652*22*25mm - Finitura:White;847,40;20,00;847,40;20,00;
DS82562412NO8WW-5MT;Led Strip CC SMD2835 OSRAM 256led/m, 39W/m, 3000K, 4610lm, CRI>80, 24V, 12mm pcb, IP20, 5m/reel both sides 12 cm wires HUSH;1240,00;20,00;1240,00;20,00;
XLG-25-A;Driver Maenweel 230Vac 700mA IP67;199,00;20,00;199,00;20,00;
LT-75-24-DALI;LT-75-24-DALI;351,80;20,00;351,80;20,00;
MT-L600 Black - 3000K;Magnetic floodlight - Power: 16W Angle: 90Â° Lumen: 1080lm/w;234,80;20,00;234,80;20,00;
M20-G1-43L-24 Black;Proiettore Linear Spot 24W CRI90;422,00;20,00;422,00;20,00;
MT-T25 - Lens 15°;Lens for MT-T25;9,00;20,00;9,00;20,00;
Driver RGB;Driver per ministar RGB;0,00;20,00;0,00;20,00;
SL193000KIP65;Strip led 19,2W/mt 3000K 240Led/m CRI80 IP65 Silicone Glue Coated;415,00;20,00;415,00;20,00;
CS-TOP3-37-150;Taurus Accessories - Top Junction box-3 way, series connection;24,00;20,00;24,00;20,00;
MT-T25 - Lens 24°;Lens for MT-T25;9,00;20,00;9,00;20,00;
LENS 15° for M20-T1P-70D-25;LENS for M20 70mm Dia Magnetic Spot/Track Light, Beam Angle: 15 Deg;9,20;20,00;9,20;20,00;
MT-A02;MT-A02  Surface track L corner horizontal;29,80;20,00;29,80;20,00;
AL5097G;PARADE L-2 VISOR GREY RAL 9006;684,00;19,00;684,00;19,00;
PS03402VT01100Komp.A;RESINA TRASPARENTE;483,00;18,00;483,00;18,00;
PIATTELLO BOMBATO;PIATTELLO BOMBATO diam. 130 mm lamiera ottone 78.6240;111,60;18,00;111,60;18,00;
Molla acciaio;Molla acciaio lungh. 1409 mm art. 84.0572;6,66;18,00;6,66;18,00;
Parmolaia - Asta Custom;Diametro 8mm - Ottone con Maschiatura;0,00;17,00;0,00;17,00;
SFERA VETRO BIANCO LATTE SATINATO;SFERA VETRO BIANCO LATTE SATINATO  con bocca diam. 80 mm;476,80;16,00;476,80;16,00;
Montaggio PCB Lanterna;PCB Lanterna 4 Led Multichip;8,00;16,00;8,00;16,00;
LDVVCA100830C1;Lampadina E27 11W 230VAC 3000K A FILAMENTO;63,68;16,00;63,68;16,00;
SL2108AE-1 10W 3000K 60° DC24V IP67 ON/OFF;SL2108AE-1 10W 3000K 60° DC24V IP67 ON/OFF;885,00;15,00;885,00;15,00;
PW-100-24;Driver ACTEC 230/24 100W IP67;241,95;15,00;241,95;15,00;
IE-45D;Driver Multicorrente DALI 45W;181,20;15,00;181,20;15,00;
APC-35-700;Alimentatore APC 35-700 Meanwell;96,20;14,00;96,20;14,00;
AL5006WIRNRGS;AL5006WIRNRGS;8274,00;14,00;8274,00;14,00;
AL5345MERNRGS;JUPITER MC RGBW MEDIUM 23° RGB+W 4000K DMX-RDM GREY RAL 9006 POWER IN, DMX IN, DMX OUT;6565,00;13,00;6565,00;13,00;
TBL18P44F01-O040F-HL930E-DA;TUBOLAMP - both sides;554,06;13,00;554,06;13,00;
OPX01;Realizzazione in plexiglass opale della figura sottostante - Spessore: 3mm;0,00;13,00;0,00;13,00;
316Lcable gland;316SS-Cable gland(1set);21,60;12,00;21,60;12,00;
CONCRETE FIXING BASE;CONCRETE FIXING BASE - CCX01- piastra per torretta;0,00;12,00;0,00;12,00;
5680-A;5680-A terminale x tubo ø 45 M10x1;38,76;12,00;38,76;12,00;
CST;CONTRIBUTO SPESE DI TRASPORTO;482,45;12,00;482,45;12,00;
TBL18P44F0-O040F-HL930E-DA;TUBOLAMP - one side;511,44;12,00;511,44;12,00;
L18-Endcap-316L;316SS - End cap with no hole;14,40;12,00;14,40;12,00;
L18-Endcap-316;316SS - End cap with hole;14,40;12,00;14,40;12,00;
2005-A;cappello esagonale;403,76;11,00;403,76;11,00;
5525-A;fondello x 3005-A;75,98;11,00;75,98;11,00;
3005-A;gabbia esagonale;401,36;11,00;401,36;11,00;
POINT6;Faretto da incasso esterno. Input Voltage: 12Vdc - Power: 6W - CCT: 3000K - Beam Angle: 10° - IP67 - Size:Ø110*96mm;420,00;10,00;420,00;10,00;
FBSW520;Filtro colore Blu SW520, taglio 490;189,00;10,00;189,00;10,00;
LINE-4CC-CASAMBI;Led dimmer 4CH Constant Current Input 12-48Vdc, Output 4x 150-900mA, Command APP CASAMBI – 2 input N.O. Push Button;848,00;10,00;848,00;10,00;
MINI-12-350F;Alimentatore MINI-12-350F AcTEC;34,60;10,00;34,60;10,00;
BMMTP7TT20;TUBO - TUBO IP67 D20;6,00;10,00;6,00;10,00;
HM02-M6-L10 Black;COB Surface Mounted Downlight, Size Ø75x100mm, 10W, 3000K, Beam 40°, IP65, Color: Black/Black;161,70;10,00;161,70;10,00;
HM02-M6-L10 Gold;COB Surface Mounted Downlight, Size Ø75x100mm, 10W, 3000K, Beam 40°, IP65, Color: Black/Gold;161,70;10,00;161,70;10,00;
ELG-100-24DA-3Y;Driver Dali 100W IP67 230Vac/24Vdc;222,63;10,00;222,63;10,00;
PS03402VT086KompA;RESINA OPALE;275,00;10,00;275,00;10,00;
PMMA10X12-1cm;PMMA - dimensioni:10cmx12cm spessore:1cm - i lati tagliati devono essere rilucidati;20,00;10,00;20,00;10,00;
CLLP;LAMPADA DA LETTURA CON PARALUME;560,00;10,00;560,00;10,00;
CLF;LAMPADA CON FARFALLA;375,00;10,00;375,00;10,00;
RS-1010-24V08-2835T-140D;Led Strip 14.4W 3000K 8mm 140pcs/mt SMD2835 IP67 5m/roll;270,00;10,00;270,00;10,00;
ETECBP233H;EC-BP-23 3h emerg. convert.;153,30;10,00;153,30;10,00;
LT-60-12;Driver slim 60W 230/12 IP20;102,99;10,00;102,99;10,00;
ELG-240-48DA-3Y;Alimentatore MW ELG-240-48DA-3Y IP67;336,80;10,00;336,80;10,00;
RS-1010-24V08-2835T-140D;NS10x10-3000K - Neon strip 10x10mm. Input voltage: 24Vdc - Power: 14,4W/m - CCT: 3000K - CRI90 - IP67;277,40;10,00;277,40;10,00;
FMSL4763;Filtro colore Magenta SL4763, taglio 600;189,00;10,00;189,00;10,00;
EC-LP-23;Kit emergenza Led AcTEC;0,00;10,00;0,00;10,00;
ETSKEDC;ED(C);32,40;9,00;32,40;9,00;
ETSKE1L;E1-L;28,08;9,00;28,08;9,00;
052-0004;kit vetri x 3005-A;183,00;9,00;183,00;9,00;
333-90301;MTRL, FDM, (M), ABS M30 BLK, 90CI;1998,00;8,00;1998,00;8,00;
LPV-60-48;LPV-60-48;65,12;8,00;65,12;8,00;
GEWGW44234;CASS.IP55 100X100X50 1/4G.P.L.GWT 650°C;31,52;8,00;31,52;8,00;
APPLIQUESPHERE;Applique con sfera in vetro;280,00;8,00;280,00;8,00;
Struttura_GoldenFlare;Struttura Golden Flare realizzata in ferro;616,00;8,00;616,00;8,00;
Lanterna-H40 Plexi;Plexiglass per Lanterna;20,00;8,00;20,00;8,00;
8152-A;supporto esagonale;55,56;8,00;55,56;8,00;
Lama Star8;LAMA STELLA LEAF in Alluminio;788,00;8,00;788,00;8,00;
Lanterna-H60 Plexi;Plexiglass per Lanterna;40,00;8,00;40,00;8,00;
MULTICHIP4LED;PCB 4 LED Multichip;0,00;8,00;0,00;8,00;
Lanterna-H100 Plexi;Plexiglass per Lanterna;76,00;8,00;76,00;8,00;
Black jack;LAMPADA DA TAVOLO MOPD. BLACK JACK;0,00;8,00;0,00;8,00;
LK-SL023-SR09B;Suspended Artistic Atmosphere Light Size:D23*H16mm LED Bulb: 9W CRI>80 CCT: Warmwhite Beam Angle: 180 Deg Input Voltage: 220-240V AC Material: Iron housing IP:20 Warranty: 2 years Finished Color: Matt White With 1m suspended cable kit.;113,60;8,00;113,60;8,00;
TORRETTACORTEN-H30;Torretta Corten h=30cm corredata di faretto led luce 3000K angolo  10° e box presa elettrica IP55;0,00;7,00;0,00;7,00;
SKR-PC;Skr power cable with female connector lentgh: 25cm;7,00;7,00;7,00;7,00;
PSS-45;Track spotlight - Input Voltage: 48Vdc - Power:9W - CCT:3000K - dimension:D45*H80mm - Finiture: Black;56,21;7,00;56,21;7,00;
SKR-ENDCAP;Endcap, for last lights(to make each loop the last connector waterproof);5,60;7,00;5,60;7,00;
333-63500;FDM SUPPORT SR-35 60CI;1440,00;7,00;1440,00;7,00;
MT-S45;Track spotlight PSS-1-45 - Input Voltage: 48Vdc - Power:9W - CCT:3000K - dimension:D45*H80mm - Finiture: Black;53,06;7,00;53,06;7,00;
RS1616S--24V12-DMX5050RGBW-60D;Neon LED Strip Light *******m/roll, DC24V, 15W/m, Neon Size 16*16mm (SIDE BEND), CRI >90, DMX512, RGBW3000K, IP67;180,92;7,00;180,92;7,00;
BORCHIA ALLUMINIO DIAM 200;BORCHIA ALLUMINIO DIAM 200;42,00;7,00;42,00;7,00;
Goccia 60W;Goccia LED: Citizen 1212 Series 60W  Non-dimmable Driver: Meanwell IP67;578,27;7,00;578,27;7,00;
Strutture in ferro dada;Strutture in ferro dada verniciata;350,00;7,00;350,00;7,00;
SKR-R-1000;Proiettore lineare recessed SKR-R -Input voltage: 24vdc - Power: 48W - Beam angle: 12° - CCT: 3000K - Dimension: L1000*W42*H65mm - Finiture: Alluminium;630,00;7,00;630,00;7,00;
Lanterna Piastra;Piastra Lanterna;90,00;6,00;90,00;6,00;
HDR-60-24;Alimentatore a montaggio su guida DIN MEAN WELL HDR, 2.5 A 370 V cc, 264V ca ca / cc, 24V cc max c.c. 60 W;59,16;6,00;59,16;6,00;
Stick2;Stick2 applique, custom made as per photo below;540,00;6,00;540,00;6,00;
2201-A;2201-A - Cappello lanterna small (B);33,16;6,00;33,16;6,00;
PRF-05137;CIRCOLINA DIAMETRO 24CM;9,00;6,00;9,00;6,00;
EST20021;CHER parete 2x5W 3000K antracite IP65;828,00;6,00;828,00;6,00;
3201-A;3201-A - Gabbia lanterna small (B);39,16;6,00;39,16;6,00;
AL5038ME30FBP;Capital 100 3000K on/off colore nero;2400,00;6,00;2400,00;6,00;
052-0008;052-0008 - Kit vetri trasparenti per lanterna small (B);80,78;6,00;80,78;6,00;
5280-A;Finale 5280-A;4,64;6,00;4,64;6,00;
SOLEIL220;Soleil 220 - Palo luce 2,4m 18W 700mA IP67;0,00;6,00;0,00;6,00;
6016-A;base per lanterna;0,00;6,00;0,00;6,00;
6050-A;bloccaggio x trafilato;48,95;5,00;48,95;5,00;
DXL1224-4CV-DALI;Serie DLX1224-4CV - Led Bus+Sequencer+Dimmer+Fader+Driver 4CH Constant Voltage Input 12-24Vdc, Output 4x5A (10A total), Command DALI, IP20;141,00;5,00;141,00;5,00;
EA-220-A101 3000K/54W;Size:D220*H150MM ( with Anti-glare cover) CCT:3000K CRI>80 LED:XTE/24LED Beam Angle：30° Voltage：DC24V LED Brand：CREE Body Color：RAL9004 Black Control way:ON/OFF IP Rate: IP67 Warranty:3 years;350,65;5,00;350,65;5,00;
TORRETTACORTEN-H40;TORRETTACORTEN-H40;0,00;5,00;0,00;5,00;
6052-A;innesto x trafilato;60,60;5,00;60,60;5,00;
LCM-40DA;Driver Multicorrente DALI 40W;101,70;5,00;101,70;5,00;
6099-A-16;tubo rigato diametro 45x2x2000  art. 6099-A-16;111,40;5,00;111,40;5,00;
ASTABONA;Asta per lampada BONA;0,00;5,00;0,00;5,00;
Lanterna Brandy 800;LANTERNA BRANDY DA TERRA H.800 mm;425,00;5,00;425,00;5,00;
5650-A;terminale x tubo di 45 filetto M6 8per attacco ragno e tubo) art. 5650-A;27,49;5,00;27,49;5,00;
LWA562-WT;lamp type Osram SMD 2835, 12W, 3000K, 300mA, Driver XINGCHAUNG 8-12X1W/IP65, 1200lm, beam N/A, material aluminium + white acrylic tube, finishing white painting, size L915xW68xH40, Installation wall surface mounted, IP44, Weight 1kg;127,00;5,00;127,00;5,00;
FME90131;CAVO EST. 5M 3G1 SENZA SP/SR;93,40;5,00;93,40;5,00;
LCM-60DA;Driver Multicorrente DALI 40W;0,00;5,00;0,00;5,00;
Reggisfere ottone;reggisfere ottone;0,00;5,00;0,00;5,00;
LWA321-BG;lamp type CREE XPE, 3W, 3000K, 600mA, Driver Eaglerise 1X3W CE/S/SAA/BIS approved, 120lm, beam 30 degree, material steel+aluminum, finishing brushed and gold plated-matte, size L150xW50xH100 (m/off125x35MM), Installation wall recessed, IP20, Weight 0.4kg;78,00;5,00;78,00;5,00;
LK-WBL320-ST;Wireline Belt Light;800,00;5,00;800,00;5,00;
Surface-mounted linear light;Length 1700mm, width 100mm, 30W/meter, with opal diffuser;144,40;5,00;144,40;5,00;
CBU-ASD-LR-1000;Wireless Control Unit, Evolution Firmware, Input 220-240Vac, Output 0-10V1-10V / DALI Interface, IP20, Class II, 56,5 x 35,8 x 22,3 mm long range compatibility;189,50;5,00;189,50;5,00;
DZ0152;DADO F. ZINCATO 10x1 CH13 SP.3MM;10,10;5,00;10,10;5,00;
CY-P9PX10W-R;Former B faretto da incasso. Input Voltage: 220Vac - CCT: 3000K - Beam angle: lens 36° - Power: 10W - Size:D90*H85mm - Cutout: 85mm - Standard Finiture: Black, with gold color front ring- DIM: ON/OFF，with CREE COB and Eaglerise ON/OFF driver;46,40;5,00;46,40;5,00;
LANTERNA BRANDY;LANTERNA BRANDY;425,00;5,00;425,00;5,00;
6042-A;base x palo;583,47;5,00;583,47;5,00;
6043-A;finestra x 6042-A;41,77;5,00;41,77;5,00;
Adeguamento materia prima;Adeguamento materia prima;257,20;5,00;257,20;5,00;
AL5005MERNRAS;CAPITAL 100 RGBW MEDIUM 23° RGB+W 4000K DMX-RDM ANTHRACITE RAL 7016 POWER IN, DMX IN, DMX OUT;2252,00;4,00;2252,00;4,00;
5014-A;Dima per fissaggio base ;20,68;4,00;20,68;4,00;
RS-1615-24V10-RGBW5050T-70D-IP68 LED Strip Light (9405429000);DC24V, 15W/m, 70 pcs SMD 5050, PCB 10mm white double layer, Size 16x15mm (TOP BEND), CRI >90, Colore RGBW 3000K, IP68 Neon Extrusion, Accessori: 2pcs end caps per roll, Cablaggio: One end with 8m long black cable (straight entry);521,86;4,00;521,86;4,00;
5020-A;Tirante zincato M10;12,48;4,00;12,48;4,00;
5021-A;Bullone cieco M10;5,80;4,00;5,80;4,00;
RS-D18P2-24V06-2121RGB-180D LED STRIP LIGHT (9405429000);Neon Strip 18W RGB Double Layer;414,00;4,00;414,00;4,00;
DIM24-50 V2;Almentatore 50W dimmerabile Triac;0,00;4,00;0,00;4,00;
NMS0410-9SW24CDN050 CC0500-MC1;Neon Strip 0410 SIDE VIEW 7.2W, 2700K, 240lm, 24V, PZ 4 CRI>90, IP65 METAL END CAPS, 50cm double end  cables, 5mt reel;177,40;4,00;177,40;4,00;
Roulette Americana;LAMPADA DA TAVOLO MOD ROULETTE POLE;0,00;4,00;0,00;4,00;
LK-E07S-SR00B;E07 Bulb base with ceiling base Cable: 1m Material: Silicone without bulb Finished Color: Green;6,00;4,00;6,00;4,00;
p.croce.100;Piantana Croce H100Cm con contorno Led;1800,00;4,00;1800,00;4,00;
0012A2300B;SPINA S/TERRA BIANCA;2,49;3,00;2,49;3,00;
SKR-R-500;Proiettore lineare recessed SKR-R -Input voltage: 24vdc - Power: 24W - Beam angle: 12° - CCT: 3000K - Dimension: L500*W42*H65mm - Finiture: Alluminium;165,00;3,00;165,00;3,00;
028321;INTERRUTTORE NERO;3,51;3,00;3,51;3,00;
028320;INTERRUTTORE BIANCO;3,48;3,00;3,48;3,00;
9975-A;Kit x fissaggio a terra;112,86;3,00;112,86;3,00;
EST20012;CHER parete 5W 3000K ruggine IP65;348,00;3,00;348,00;3,00;
029498;INTERRUTTORE TRASPARENTE;3,87;3,00;3,87;3,00;
SFP-CH50;CARTUCCIA SALDANTE 5,0MM;54,00;3,00;54,00;3,00;
AL5014ELR3RBS;CAPITAL 300 RGBW ELLIPTICAL RGB+W 3000K DMX-RDM BLACK RAL 9005 POWER IN, DMX IN, DMX OUT;3702,00;3,00;3702,00;3,00;
SOSPENSIONE SPHERE;Spherelamp composizione di 5 palline di vetro a sospensione;75,00;3,00;75,00;3,00;
AL8284;***DCS_ACCESSORIES JUPITER CONNECTION KIT POWER IN+DMX IN/OUT;51,00;3,00;51,00;3,00;
UTD1760/6;VIDEOCITOFONO VOG5 2VOICE VV B;482,88;3,00;482,88;3,00;
SCP-CNL04;CARTUCCIA SALDANTE A.T. 0,4MM;51,60;3,00;51,60;3,00;
5211-A;Finale esagonale  5211-A;7,11;3,00;7,11;3,00;
EXL542-021-BK;RIPIANO A SBALZO 1U 19 400MM MAX 10KG NERO;74,73;3,00;74,73;3,00;
MT-L300;Lineare PSL-3-300 - Input Voltage: 48Vdc - Power:8W - CCT:3000K - Beam angle: 70Â°-  dimension:L300*H11mm - Finiture: Black;18,66;3,00;18,66;3,00;
QBX2011018;PANNELLO PASSACAVI 19 1U 4 ANELLI NERO;65,28;3,00;65,28;3,00;
STICK-DE3;The lighting controller;1791,39;3,00;1791,39;3,00;
AL5280WW30DM;PARADE L-2 B RECESSED WHITE LIGHT WALL WASH WARM WHITE 3000K DALI HYBRID CABLES FOR DALI WITHOUT CONNECTORS;0,00;3,00;0,00;3,00;
0012A2300/TR;SPINA S/TERRA TRASP.;2,25;3,00;2,25;3,00;
POWER4M;AC/DC 7V adapter for Architectural;36,00;3,00;36,00;3,00;
AL8317;"*** CONNECTION KIT FOR 2 DALI CAVO IBRIDO - ""M"" CONNECTION";0,00;3,00;0,00;3,00;
0012A2300N;SPINA S/TERRA NERA;2,28;3,00;2,28;3,00;
CONOINOX;CONO DIAM 600 INOX CHIUSO CON SALDATURA;345,00;3,00;345,00;3,00;
AL5086;Cassaforma per AL5280;0,00;3,00;0,00;3,00;
t.croce.100;Croce terra;600,00;2,00;600,00;2,00;
123-00302-S;F120/ F170 MODELING BASES;306,00;2,00;306,00;2,00;
BMMTP7TG20/16;TUBO - GUAINA IP67 D 20/16;1,54;2,00;1,54;2,00;
TT.15.0023;Etichette in poliestere metallizzato satinato FAS (25 h x 50 b mm);3230600,00;2,00;3230600,00;2,00;
333-90300;MTRL, FDM, (M), ABSM30 IVR, 90CI;498,00;2,00;498,00;2,00;
LPV-60-12;LPV-60-12;13,78;2,00;13,78;2,00;
XLG-320-24A;Alimentatore XLG-320-24A IP67;68,00;2,00;68,00;2,00;
123-00402-S;F123 series extrusion head 20mm fan (sostituisce il codice 123-00401-S);1790,00;2,00;1790,00;2,00;
HP17-S2-R50M;S2 Surface Mounted Downlight;83,60;2,00;83,60;2,00;
MT-A-1,5;Binario bassa tensione (48Vdc) Pico da superficie - Size:L1500*W11*H13,7mm - Finiture: Black;8,30;2,00;8,30;2,00;
UTD1784/801;KIT BASE MIKRA2 MONOFAMILIARE;460,00;2,00;460,00;2,00;
XTR02;Triangolo Acciaio Custom;0,00;2,00;0,00;2,00;
SCP-CH20;CARTUCCIA SALDANTE A.T. 2,0MM;34,40;2,00;34,40;2,00;
GCP14819060;CINTURA 8 PORTALAMPADE E27 CON CALATE S;68,12;2,00;68,12;2,00;
EXL100-080;CAVI CAT.6 U/UTP AWG24 LS0H DCA 305M VIO;258,00;2,00;258,00;2,00;
EXL100-755;PATCH PANEL KEYSTONE 24 PORTE 1U - VUOTO;35,00;2,00;35,00;2,00;
76875;VITI 4.8 TC UNI 7687 DIN 7985 2,5X6 ZINCATO BIANCO 1000pz;14,00;2,00;14,00;2,00;
SFERA VETRO TRASPARENTE;SFERA VETRO TRASPARENTE;0,00;2,00;0,00;2,00;
V2-200-24T V2.0;AcTec V2-200-24T V2.0;72,78;2,00;72,78;2,00;
LDVVCA75830C1;Lampadina E27 7.5W 230VAC 3000K A FILAMENTO;5,82;2,00;5,82;2,00;
333-60131;PLA - Natural Translucent 983cc;180,00;2,00;180,00;2,00;
MT-A-1;Binario bassa tensione (48Vdc) Pico da superficie - Size:L1000*W11*H13,7mm - Finiture: Black;5,54;2,00;5,54;2,00;
LED-NO.3 (sample);Making 2pcs samples of LED board NO.3;70,00;2,00;70,00;2,00;
EXL555-072;PDU ORIZZ. 6 PRESE SCHUKO CON INT. LUMIN;74,00;2,00;74,00;2,00;
LK-SL033-SR00B;uspended Artistic Atmosphere Light Size:D33 Without Bulb Input Voltage: 220-240V AC Material: Iron housing IP:20 Warranty: 2 years Finished Color: Lemon Yellow With 1m suspended cable kit.;30,00;2,00;30,00;2,00;
LT-100-48;Driver 100W 230Vac/48Vdc;27,20;2,00;27,20;2,00;
Plexiglass - Pannello Custom;Plexiglass - Pannello Custom;64,00;2,00;64,00;2,00;
LANTERNA BRANDY A PARETE;LANTERNA BRANDY A PARETE;140,00;2,00;140,00;2,00;
Specchio lampada circolare custom;specchio 5mm bronzo filo grezzo perimetrale con traccia tonda centrale diam 180 cm;360,00;1,00;360,00;1,00;
Lampadario Circolare;Lampadario Circolare custom;2700,00;1,00;2700,00;1,00;
Impianto Stampa (una tantum);Impianto Stampa (una tantum);70,00;1,00;70,00;1,00;
7449079243971;CINTURA 8 PORTALAMPADE E27 CON CALATE S;38,22;1,00;38,22;1,00;
LK-DAG062L-RR10L;Dora IP65 Downlight Size:62mmD*85mmH Cutout:55mm LED: Philips COB 10W Lumen:75-85lm/W CRI>90 CCT:3000K Beam Angle: 38 deg Input Voltage: 220-240V AC Non-dimmable Driver: Lifud PF>0.9 IP:65 (only lamp is IP65) Warranty: 5 years Finished color: White Ring;0,00;1,00;0,00;1,00;
SQUADRA INOX;SQUADRA INOX 160/250 BASE 150;12,50;1,00;12,50;1,00;
VETRO STELLA;Vetro esagonale per lampadario Stella come da disegno;0,00;1,00;0,00;1,00;
Becon-Lamp;Beacon Lamp realizzata in acciaio inox AISI 316, con diffusore opalino in tubo cavo di PMMA color bianco latte. Dimensioni: altezza 33 cm, diametro 12 cm.;90,21;1,00;90,21;1,00;
AL8410WDR3RS;GEA RGBW DYNAMIC WALL WASH RGB+W 3000K DMX-RDM POWER IN/OUT - DMX IN/OUT;858,99;1,00;858,99;1,00;
Canalino Batman;Canalino Batman come da disegni;80,00;1,00;80,00;1,00;
NORMA;NORMA Palo 2 Luci H2350;450,00;1,00;450,00;1,00;
LK-DAG075L-TR10L;Dora IP65 Trimless Downlight Size:75mmD*85mmH Cutout:57mm LED: Philips COB 10W Lumen:75-85lm/W CRI>90 CCT:3000K Beam Angle:38° Input Voltage:220-240VAC Non-dimmable Driver:Lifud PF>0.9 IP:65 (only lamp is IP65) Warranty: 6 years Finished color: White Ring;0,00;1,00;0,00;1,00;
Canalina in Acciaio Inox 316;Satinato L=1000 MM SP.8/10 - A DISEGNO;20,00;1,00;20,00;1,00;
AL8455;Cassaforma per AL8410WDRNRS;52,25;1,00;52,25;1,00;
Batman Open;Batman Open come da disegno;48,00;1,00;48,00;1,00;
2003-A;2003-A;17,36;1,00;17,36;1,00;
XTR06;Triangolo acciaio custom CENTRE BLOCK;0,00;1,00;0,00;1,00;
Saldatore MFR-1100 METCAL;Saldatore MFR-1100 METCAL;386,00;1,00;386,00;1,00;
SL1150FM-5;Spotlight 45W 3000K 2.5° AC220V IP66 ON/OFF;170,00;1,00;170,00;1,00;
LK-DH040-RR07L;Dora IP65 Downlight Size:62mmD*85mmH Cutout:55mm LED: Philips COB 10W Lumen:75-85lm/W CRI>90 CCT:3000K Beam Angle: 38 deg Input Voltage: 220-240V AC Non-dimmable Driver: Lifud PF>0.9 IP:65 (only lamp is IP65) Warranty: 5 years Finished color: White Ring;0,00;1,00;0,00;1,00;
Lamp Head;Street Light Fixture, Size D480*H360mm, Power 30W, 200-240V AC, Bridgelux LED, Done Driver, Material: Aluminum + PC;63,54;1,00;63,54;1,00;
Campione Tubo;Campione lampada tubo;200,00;1,00;200,00;1,00;
AL1321;infrared remote controll;38,00;1,00;38,00;1,00;
5210-A10;5210-A10;1,61;1,00;1,61;1,00;
XTR07;Triangolo Acciaio Custom CENTER BLOCK COVER;0,00;1,00;0,00;1,00;
Holovision Sphere;SR300 Dia.300mm RGB 3in1 360D 20W DC24V Wifi;200,00;1,00;200,00;1,00;
Mold Case Pipistrello Jannat;Mold Cost Option 2;2950,00;1,00;2950,00;1,00;
VIWV71303;SCATOLA INCASSO RETTANGOLARE. 3M AZZURRO;0,23;1,00;0,23;1,00;
LK-DH065-TR07L;ora IP65 Trimless Downlight Size:75mmD*85mmH Cutout:57mm LED: Philips COB 10W Lumen:75-85lm/W CRI>90 CCT:3000K Beam Angle: 38°  Input Voltage: 220-240VAC Non-dimmable Driver:Lifud PF>0.9 IP:65 (only lamp is IP65)Warranty:6 years Finished color: White Ring;0,00;1,00;0,00;1,00;
BTIC9342D66L;BTNET - ARMADIO 42U 600X600 LINKEO;437,32;1,00;437,32;1,00;
3003-A;3003-A;20,80;1,00;20,80;1,00;
GLYPTA;Lampada da esterno altezza 2,5m;0,00;1,00;0,00;1,00;
WIFI Route + Dongle software;for change videos for Holovision Sphere;400,00;1,00;400,00;1,00;
Campionatura;Campionatura;55,61;1,00;55,61;1,00;
Stick2 - Circuit;Cost of making;100,00;1,00;100,00;1,00;
052-0003;052-0003;18,44;1,00;18,44;1,00;
ST.70.0240;Stampante a trasferimento termico modello CAB EOS 5;882,00;1,00;882,00;1,00;
SL1157N-18KP;Spotlight 100W RGBWCLA 30° AC220V IP66 DMX512;320,00;1,00;320,00;1,00;
UTD1083/55;DISTRIBUTORE 4 UTENZE 2VOICE;32,16;1,00;32,16;1,00;
verniciatura;verniciatura;0,00;1,00;0,00;1,00;
SL1156F-24;Spotlight 150W RGBW (W3000K) 45° AC220V IP66 DMX512;270,00;1,00;270,00;1,00;
TRL-001;Panel Light Sample;10,00;1,00;10,00;1,00;
LWA455-WT;lamp type Osram SMD 2835, 12W, 3000K, 300mA, Driver Eaglerise 10-14X1w round CE/TUV/SAA/BIS, 1200LM, beam /, material aluminum, finishing white painting, size L120xW40xH100 (mm), Installation wall surface mounted, IP65;27,70;1,00;27,70;1,00;
COP (Costo di produzione);Totale del costo di produzione dei pezzi in questo ordine;140,00;1,00;140,00;1,00;
Roulette Francese;LAMPADA DA TAVOLO MOD PALO FRANCESE;0,00;1,00;0,00;1,00;
SL1239FE-4;Spotlight 20W 3000K 300° AC220V IP66 ON/OFF;90,00;1,00;90,00;1,00;
CHL-001;Spotlight Sample;0,00;1,00;0,00;1,00;
CPU211-960;CIRCUITO PURALUCE (1 LED) 21mm 3W (700mA) 2,9Vdc 6000K CRI90;1,40;1,00;1,40;1,00;
D80X18-1224-2CV-CBU;Dimmer Casambi 2 canali Turnable White;51,50;1,00;51,50;1,00;
LWA369;lamp type CREE COB 1304, 3W, 3000K, 300mA, Driver Bovvileds 3x1W/CE/IP65, 300LM, beam 20 degree, material brass, finishing brass color, size L69xW44xH90(mm), Installation wall surface mounted, IP65;29,30;1,00;29,30;1,00;
Trasmittente XT2 868 SLH LR Bianca;Trasmittente XT2 868 SLH LR Bianca;17,26;1,00;17,26;1,00;
PRISMA;PRISMA;4900,00;1,00;4900,00;1,00;
XPRESS-LR-B-239;Wireless User Interface, Evolution Firmware, Black Color, CR2430 Lithium-ion Battery, 90 x 90 x 12 mm long range compatibility;100,60;1,00;100,60;1,00;
SL1245FE-1;Spotlight 10W 3000K 30° DC24V IP66 ON/OFF;40,00;1,00;40,00;1,00;
Applique a parete;Applique a parete;100,00;1,00;100,00;1,00;
HC;Contributo fisso di gestione per il non raggiungimento del minimo imponibile (100€);15,00;1,00;15,00;1,00;
LFL036-IN220;lamp type CREE XPE, 3W, 3000K, 600mA, Driver bovvileds 1x3W CE/built-in, 120lm, beam 30 degree, material brass, finishing brass color, size D34xH830(mm), Installation please refer to Manual, IP65;46,20;1,00;46,20;1,00;
Vassoio Quadra;Vassoio Quadra;500,00;1,00;500,00;1,00;
STELLA;Realizzazione lampada custom "Stella";4500,00;1,00;4500,00;1,00;
SL1236FF-9;Spotlight 60W RGBW(W4000K) 30° AC220V IP66 DMX512;165,00;1,00;165,00;1,00;
LWA370;lamp type CREE COB 1304, 2X3W, 3000K, 300mA, Driver DONE 5-7X1W CE/IP65, 600LM, beam 20 degree, material brass, finishing brass color, size L69xW44xH130(mm), Installation wall surface mounted, IP65;38,30;1,00;38,30;1,00;
Fornitutura + Montaggio Vetro Lanterna;Fornitutura + Montaggio Vetro Lanterna come da nostri disegni;900,00;1,00;900,00;1,00;